concept_id,asin,item_code,amz_title
CG-0001,B086T73KJW,ECACR-3220 DST,Ecolution Reversible 19.5x11 Non-Stick Double Burner
CG-0001,B00E3NMCBU,ECAG-3220 DST,Ecolution Reversible Grill/Griddle Pan Non-Stick
CG-0001,B086T6CY7Y,ECAGR-3220 DST,Ecolution Reversible 19.5x11 Non-Stick Double Burner
CG-0001,B0858VNZTM,EOI5-D2816,Ecolution Farmhouse Cast Aluminum Nonstick
CG-0001,B08591GHP8,EOI5-D4506,Ecolution Farmhouse Cast Aluminum Nonstick Stainless
CG-0001,B0858VDSHN,EOI5-D5120,Ecolution Farmhouse Cast Aluminum Nonstick Stainless
CG-0001,B0858Y9547,EOI5-D5124,Ecolution Farmhouse Cast Aluminum Nonstick Stainless
CG-0001,B085916KSD,EOI5-D5128,Ecolution Farmhouse Cast Aluminum Nonstick Stainless
CG-0001,B08WYT4QHH,EOI6-L5120,Ecolution Farmhouse Cast Aluminum Nonstick
CG-0007,B08BR7SP37,GFA01-K049,Goodful Stackable Lunch Box Container Bento Style
CG-0007,B08BZYZPL7,GFB09-K049,Goodful Stackable Lunch Box Container Bento Style
CG-0007,B08BR3LTVB,GFE00-K049,Goodful Stackable Lunch Box Container Bento Style
CG-0007,B08C1MJY39,GFE03-K049,Goodful Stackable Lunch Box Container Bento Style
CG-0007,B08BZYVTMB,GFP05-K049,Goodful Stackable Lunch Box Container Bento Style
CG-0014,B086V87344,EEYBK-1220 DST,Ecolution Easy Clean Nonstick Cookware Set
CG-0014,B084TM9VB3,GZA10-P029,Goodful Cookware Set Premium Non-Stick
CG-0014,B084TMPDYC,GZA11-P033,Goodful 5.5-Quart Nonstick Aluminum Stock Pot
CG-0014,B084TMDG84,GZR05-P029,Goodful Cookware Set Premium Non-Stick
CG-0015,B08V8DWWTV,CCCUL-1213 DST,Cooking Light Nonstick Ceramic Pots and Pans Silicone
CG-0015,B07DRPWQ4F,CCCUR-1213 DST,Cooking Light Allure Non-Stick Ceramic Silicone Stay Cool
CG-0015,B081P67S8Y,CCCUR-5102,Cooking Light Allure Premier Ceramic Non-Stick 8 inch
CG-0015,B081P8QVV6,CLC04-P004,Cooking Light Dishwasher Safe Silicone Handle Specialty
CG-0015,B081QWFXKN,CLK00-K002,Cooking Light 2-Piece Silicone 9 and 12 Inch Salad Tool
CG-0015,B081TRP7Z2,CLR00-K020,Cooking Light 3 Piece Silicone Spoonula Spatula Baster
CG-0015,B081R3L8N6,CLX01-K018,Cooking Light 2 Piece Silicone Whisk Set
CG-0015,B086R7CSR8,EKPBK-4215 DST,Ecolution Original Microwave Popcorn Popper Borosilicate
CG-0015,B00FZH3WGC,EKUL-1620 DST,Ecolution Universal Glass Lid Silicone Rim
CG-0015,B00FZH3WAS,EKUL-2428 DST,Ecolution Universal Tempered Glass Vented Lid
CG-0015,B00BF9Q1G2,EVRE-3228 DST,Ecolution Non-Stick Griddle Pan Silicone Handle
CG-0015,B00BF9Q1H6,EVRE-5120,Ecolution Evolve Non-Stick Fry Pan Silicone Handle
CG-0015,B07TVDFXS9,GFX05-K003,Goodful Silicone and Beechwood Mini Kitchen Utensil Set
CG-0015,B08BQZ5YF5,GFX08-K019,Goodful Universal Silicone Lids for Pots and Pans
CG-0015,B084TNY4MQ,GFY01-K023,Goodful Poached Egg Maker Egg Bite Mold Silicone
CG-0015,B005M8GFFO,TBGN-0142,Primula Tea Bag Buddy Silicone
CG-0015,B005M8GFFY,TBHS-0142,Primula Buddy Silicone Tea Bag Holder
CG-0015,B003PUPXPY,XSP-6503,Primula Replacement Silicone Gaskets 3 Cup Espresso
CG-0015,B003PUP1FQ,XSP-6506,Primula Replacement Silicone Gaskets 6 Cup Espresso
CG-0018,B08V8YNRJJ,CCCUA-9526 DST,Cooking Light Nonstick Ceramic Deep Cooker
CG-0018,B08V8DWWTV,CCCUL-1213 DST,Cooking Light Nonstick Ceramic Pots and Pans Set
